index,time,lat,lng,flex,gsr,bpm
0,13:38:19,45.43248,12.35669,13,242,102
1,13:38:19,45.43248,12.35669,12,229,101
2,13:38:19,45.43248,12.35669,17,246,98
3,13:38:19,45.43248,12.35669,15,242,96
4,13:38:26,45.43248,12.356578,13,251,96
5,13:38:26,45.43248,12.356578,12,230,98
6,13:38:26,45.43248,12.356578,9,226,99
7,13:38:26,45.43248,12.356578,19,253,98
8,13:38:26,45.43248,12.356578,16,236,97
9,13:38:33,45.432477,12.356466,8,247,98
10,13:38:33,45.432477,12.356466,16,249,99
11,13:38:33,45.432477,12.356466,13,255,99
12,13:38:33,45.432477,12.356466,6,239,97
13,13:38:33,45.432477,12.356466,6,230,96
14,13:38:40,45.432473,12.356354,6,233,97
15,13:38:40,45.432473,12.356354,8,230,97
16,13:38:40,45.432473,12.356354,8,220,98
17,13:38:40,45.432473,12.356354,17,259,98
18,13:38:46,45.432468,12.356241,14,253,99
19,13:38:46,45.432468,12.356241,14,281,98
20,13:38:46,45.432468,12.356241,13,267,99
21,13:38:46,45.432468,12.356241,15,267,99
22,13:38:48,45.432462,12.35613,17,268,100
23,13:38:49,45.432456,12.356018,16,273,101
24,13:38:51,45.43245,12.355906,15,280,103
25,13:38:52,45.432444,12.355794,14,277,104
26,13:38:52,45.432444,12.355794,15,276,102
27,13:38:52,45.432444,12.355794,15,292,101
28,13:38:52,45.432444,12.355794,17,284,100
29,13:38:52,45.432444,12.355794,17,283,101
30,13:38:52,45.432444,12.355794,13,255,100
31,13:38:58,45.432438,12.355682,11,252,99
32,13:38:58,45.432438,12.355682,13,277,99
33,13:38:58,45.432438,12.355682,16,276,100
34,13:39:01,45.432432,12.35557,13,273,102
35,13:39:02,45.432454,12.355469,14,258,101
36,13:39:02,45.432454,12.355469,15,271,101
37,13:39:02,45.432454,12.355469,12,285,98
38,13:39:02,45.432454,12.355469,13,280,96
39,13:39:02,45.432454,12.355469,15,277,96
40,13:39:02,45.432454,12.355469,13,247,97
41,13:39:02,45.432454,12.355469,14,261,99
42,13:39:10,45.43248,12.355401,16,264,99
43,13:39:11,45.43248,12.355289,12,281,99
44,13:39:12,45.43247,12.355178,15,251,99
45,13:39:12,45.43247,12.355178,16,289,99
46,13:39:15,45.432444,12.355092,17,289,99
47,13:39:15,45.432444,12.355092,16,291,100
48,13:39:17,45.432365,12.355098,5,229,99
49,13:39:17,45.432365,12.355098,12,233,100
50,13:39:17,45.432365,12.355098,17,259,100
51,13:39:17,45.432365,12.355098,11,244,102
52,13:39:21,45.43231,12.355044,13,273,104
53,13:39:22,45.4323,12.354933,11,249,104
54,13:39:23,45.432294,12.354831,15,268,102
55,13:39:23,45.432294,12.354831,12,271,100
56,13:39:25,45.432216,12.354848,16,260,99
57,13:39:26,45.432138,12.354864,17,279,102
58,13:39:26,45.432138,12.354864,15,282,102
59,13:39:29,45.432087,12.354933,18,297,103
60,13:39:29,45.432087,12.354933,8,272,102
61,13:39:29,45.432087,12.354933,7,255,102
62,13:39:29,45.432087,12.354933,5,228,102
63,13:39:33,45.432017,12.35498,19,268,102
64,13:39:33,45.432017,12.35498,8,232,100
65,13:39:35,45.431943,12.354953,15,264,99
66,13:39:35,45.431943,12.354953,13,260,100
67,13:39:37,45.43188,12.354917,13,276,101
68,13:39:37,45.43188,12.354917,14,281,103
69,13:39:39,45.431801,12.35493,17,286,103
70,13:39:39,45.431801,12.35493,16,279,103
71,13:39:39,45.431801,12.35493,13,279,104
72,13:39:39,45.431801,12.35493,16,278,105
73,13:39:39,45.431801,12.35493,10,269,105
74,13:39:39,45.431801,12.35493,7,255,105
75,13:39:39,45.431801,12.35493,15,268,105
76,13:39:47,45.431723,12.354943,16,281,104
77,13:39:47,45.431723,12.354943,14,284,104
78,13:39:47,45.431723,12.354943,15,260,104
79,13:39:47,45.431723,12.354943,10,256,105
80,13:39:51,45.431645,12.354957,15,258,105
81,13:39:51,45.431645,12.354957,15,238,106
82,13:39:51,45.431645,12.354957,6,236,107
83,13:39:51,45.431645,12.354957,18,276,107
84,13:29:56,45.431567,12.354971,18,286,106
85,13:29:56,45.431567,12.354971,12,255,103
86,13:39:58,45.431489,12.354985,15,272,102
87,13:39:59,45.431411,12.354999,17,285,101
88,13:39:59,45.431411,12.354999,12,265,102
89,13:39:59,45.431411,12.354999,12,276,105
90,13:40:02,45.431332,12.355013,15,276,106
91,13:40:03,45.431254,12.355027,16,297,107
92,13:40:03,45.431254,12.355027,15,294,105
93,13:40:06,45.431176,12.355041,17,287,106
94,13:40:06,45.431176,12.355041,19,288,107
95,13:40:06,45.431176,12.355041,17,276,108
96,13:40:06,45.431176,12.355041,8,269,107
97,13:40:10,45.431098,12.355055,16,289,105
98,13:40:10,45.431098,12.355055,10,272,105
99,13:40:12,45.43102,12.355069,6,252,106
100,13:40:12,45.43102,12.355069,9,260,108
101,13:40:12,45.43102,12.355069,7,265,109
102,13:40:12,45.43102,12.355069,13,271,108
103,13:40:12,45.43102,12.355069,14,297,108
104,13:40:12,45.43102,12.355069,14,287,108
105,13:40:12,45.43102,12.355069,10,272,108
106,13:40:20,45.430942,12.355084,12,292,108
107,13:40:20,45.430942,12.355084,20,296,107
108,13:40:20,45.430942,12.355084,14,298,108
109,13:40:20,45.430942,12.355084,11,250,110
110,13:40:24,45.430864,12.355098,19,291,109
111,13:40:24,45.430864,12.355098,15,299,107
112,13:40:27,45.430786,12.355114,14,281,105
113,13:40:28,45.430708,12.355132,17,291,105
114,13:40:28,45.430708,12.355132,16,297,105
115,13:40:28,45.430708,12.355132,12,286,105
116,13:40:28,45.430708,12.355132,14,288,106
117,13:40:32,45.43063,12.355147,13,268,106
118,13:40:32,45.43063,12.355147,13,276,105
119,13:40:32,45.43063,12.355147,18,294,105
120,13:40:35,45.430551,12.35516,16,297,105
121,13:40:37,45.430474,12.355175,20,301,105
122,13:40:37,45.430474,12.355175,28,314,106
123,13:40:37,45.430474,12.355175,27,311,106
124,13:40:39,45.430396,12.355194,20,312,106
125,13:40:39,45.430396,12.355194,25,306,106
126,13:40:39,45.430396,12.355194,17,300,107
127,13:40:39,45.430396,12.355194,23,293,109
128,13:40:44,45.430318,12.355212,18,296,110
129,13:40:44,45.430318,12.355212,20,290,109
130,13:40:46,45.43024,12.355229,27,295,108
131,13:40:47,45.430162,12.355247,22,294,108
132,13:40:48,45.430085,12.355264,10,287,111
133,13:40:48,45.430085,12.355264,10,275,110
134,13:40:48,45.430085,12.355264,10,289,107
135,13:40:51,45.430007,12.355286,18,292,104
136,13:40:53,45.42993,12.35531,10,280,105
137,13:40:53,45.42993,12.35531,19,256,107
138,13:40:53,45.42993,12.35531,16,272,106
139,13:40:53,45.42993,12.35531,20,266,104
140,13:40:53,45.42993,12.35531,13,260,103
141,13:40:53,45.42993,12.35531,18,287,105
142,13:40:59,45.429854,12.355334,18,283,106
143,13:40:59,45.429854,12.355334,22,285,107
144,13:40:59,45.429854,12.355334,21,270,107
145,13:40:59,45.429854,12.355334,20,269,107
146,13:40:59,45.429854,12.355334,16,267,109
147,13:40:59,45.429854,12.355334,21,293,108
148,13:40:59,45.429854,12.355334,15,285,109
149,13:40:59,45.429854,12.355334,14,258,109
150,13:40:59,45.429854,12.355334,15,251,109
151,13:40:59,45.429854,12.355334,23,285,109
152,13:41:11,45.429777,12.355358,19,277,107
153,13:41:11,45.429777,12.355358,17,268,106
154,13:41:11,45.429777,12.355358,23,273,105
155,13:41:11,45.429777,12.355358,17,271,106
156,13:41:14,45.42972,12.355434,12,233,105
157,13:41:14,45.42972,12.355434,16,257,107
158,13:41:14,45.42972,12.355434,19,254,107
159,13:41:14,45.42972,12.355434,14,260,107
160,13:41:14,45.42972,12.355434,18,246,106
161,13:41:14,45.42972,12.355434,11,228,108
162,13:41:14,45.42972,12.355434,16,241,112
163,13:41:22,45.429666,12.355516,21,268,116
164,13:41:22,45.429666,12.355516,15,258,116
165,13:41:22,45.429666,12.355516,20,278,113
166,13:41:22,45.429666,12.355516,12,242,109
167,13:41:26,45.429612,12.355597,20,301,108
168,13:41:26,45.429612,12.355597,14,276,107
169,13:41:29,45.42955,12.355666,20,282,108
170,13:41:30,45.429487,12.355735,17,272,108
171,13:41:30,45.429487,12.355735,18,279,110
172,13:41:30,45.429487,12.355735,12,267,110
173,13:41:33,45.429425,12.355803,10,250,110
174,13:41:34,45.429361,12.355869,13,268,108
175,13:41:34,45.429361,12.355869,10,262,108
176,13:41:37,45.429297,12.355933,18,283,110
177,13:41:37,45.429297,12.355933,18,283,110
178,13:41:38,45.429232,12.355998,11,273,108
179,13:41:38,45.429232,12.355998,19,285,105
180,13:41:41,45.429168,12.356062,16,279,106
181,13:41:41,45.429168,12.356062,19,289,107
182,13:41:41,45.429168,12.356062,11,281,110
183,13:41:41,45.429168,12.356062,11,243,109
184,13:41:41,45.429168,12.356062,13,263,110
185,13:41:46,45.429102,12.356125,11,252,109
186,13:41:46,45.429102,12.356125,10,245,109
187,13:41:46,45.429102,12.356125,6,257,106
188,13:41:46,45.429102,12.356125,9,259,105
189,13:41:50,45.429037,12.356188,14,268,105
190,13:41:50,45.429037,12.356188,13,276,106
191,13:41:50,45.429037,12.356188,6,239,106
192,13:41:50,45.429037,12.356188,12,282,106
193,13:41:50,45.429037,12.356188,6,247,106
194,13:41:50,45.429037,12.356188,18,282,107
195,13:41:50,45.429037,12.356188,15,278,106
196,13:41:50,45.429037,12.356188,15,277,107
197,13:41:50,45.429037,12.356188,15,289,107
198,13:41:50,45.429037,12.356188,17,296,108
199,13:42:01,45.428971,12.35625,18,312,107
200,13:42:01,45.428971,12.35625,15,294,108
201,13:42:04,45.428907,12.356315,15,281,108
202,13:42:05,45.428844,12.356383,13,287,109
203,13:42:05,45.428844,12.356383,14,283,109
204,13:42:05,45.428844,12.356383,12,245,108
205,13:42:05,45.428844,12.356383,9,225,108
206,13:42:10,45.428782,12.356451,13,261,106
207,13:42:10,45.428782,12.356451,8,235,105
208,13:42:10,45.428782,12.356451,11,223,106
209,13:42:13,45.428719,12.356518,12,272,107
210,13:42:13,45.428719,12.356518,18,278,109
211,13:42:13,45.428719,12.356518,16,286,109
212,13:42:13,45.428719,12.356518,11,276,109
213,13:42:13,45.428719,12.356518,15,256,109
214,13:42:13,45.428719,12.356518,17,271,108
215,13:42:13,45.428719,12.356518,17,266,111
216,13:42:13,45.428719,12.356518,10,251,114
217,13:42:21,45.428655,12.356584,13,283,115
218,13:42:21,45.428655,12.356584,13,267,112
219,13:42:21,45.428655,12.356584,11,258,108
220,13:42:21,45.428655,12.356584,16,255,107
221,13:42:21,45.428655,12.356584,12,256,109
222,13:42:27,45.42859,12.356647,21,288,108
223,13:42:27,45.42859,12.356647,20,289,108
224,13:42:29,45.428525,12.356711,16,287,109
225,13:42:29,45.428525,12.356711,21,289,109
226,13:42:29,45.428525,12.356711,14,273,108
227,13:42:29,45.428525,12.356711,11,275,108
228,13:42:33,45.42846,12.356774,13,286,108
229,13:42:33,45.42846,12.356774,23,330,109
230,13:42:33,45.42846,12.356774,12,291,109
231,13:42:37,45.428395,12.356837,15,264,110
232,13:42:37,45.428395,12.356837,13,264,110
233,13:42:37,45.428395,12.356837,13,263,111
234,13:42:37,45.428395,12.356837,18,286,109
235,13:42:37,45.428395,12.356837,12,264,107
236,13:42:42,45.42833,12.3569,20,284,106
237,13:42:42,45.42833,12.3569,16,273,106
238,13:42:42,45.42833,12.3569,16,279,104
239,13:42:46,45.428267,12.356969,21,285,103
240,13:42:46,45.428267,12.356969,19,282,103
241,13:42:46,45.428267,12.356969,16,281,107
242,13:42:46,45.428267,12.356969,23,292,108
243,13:42:53,45.428205,12.357038,17,270,110
244,13:42:53,45.428205,12.357038,23,275,109
245,13:42:53,45.428205,12.357038,23,279,109
246,13:42:53,45.428205,12.357038,20,284,108
247,13:42:53,45.428205,12.357038,16,266,109
248,13:42:53,45.428205,12.357038,20,277,110
249,13:42:56,45.428143,12.357107,18,276,111
250,13:42:56,45.428143,12.357107,15,260,111
251,13:42:56,45.428143,12.357107,12,269,110
252,13:42:56,45.428143,12.357107,14,282,109
253,13:43:01,45.428081,12.357176,23,287,109
254,13:43:02,45.428019,12.357245,18,283,109
255,13:43:02,45.428019,12.357245,17,288,112
256,13:43:02,45.428019,12.357245,18,282,112
257,13:43:02,45.428019,12.357245,19,285,113
258,13:43:06,45.427957,12.357315,20,288,112
259,13:43:06,45.427957,12.357315,14,268,112
260,13:43:09,45.427895,12.357385,24,295,110
261,13:43:09,45.427895,12.357385,23,301,110
262,13:43:10,45.427832,12.357452,24,318,110
263,13:43:10,45.427832,12.357452,15,272,112
264,13:43:12,45.42777,12.35752,14,260,113
265,13:43:14,45.427708,12.35759,21,278,113
266,13:43:14,45.427708,12.35759,19,286,112
267,13:43:14,45.427708,12.35759,14,262,109
268,13:43:17,45.427646,12.35766,17,276,103
269,13:43:18,45.427584,12.357729,15,287,100
270,13:43:19,45.427521,12.357796,13,264,103
271,13:43:19,45.427521,12.357796,18,281,110
272,13:43:19,45.427521,12.357796,16,283,114
273,13:43:19,45.427521,12.357796,13,247,113
274,13:43:23,45.427464,12.357868,18,278,112
275,13:43:24,45.427402,12.357937,14,289,112
276,13:43:24,45.427402,12.357937,17,280,112
277,13:43:24,45.427402,12.357937,21,295,112
278,13:43:24,45.427402,12.357937,17,289,112
279,13:43:24,45.427402,12.357937,15,263,113
280,13:43:24,45.427402,12.357937,20,298,112
281,13:43:31,45.427376,12.358017,21,285,112
282,13:43:31,45.427376,12.358017,14,250,112
283,13:43:31,45.427376,12.358017,14,273,113
284,13:43:31,45.427376,12.358017,23,284,113
285,13:43:35,45.427387,12.358128,21,292,113
286,13:43:37,45.427396,12.358239,13,275,112
287,13:43:38,45.427405,12.358351,15,291,112
288,13:43:38,45.427405,12.358351,16,276,112
289,13:43:38,45.427405,12.358351,15,278,113
290,13:43:38,45.427405,12.358351,19,280,113
291,13:43:42,45.427414,12.358462,19,295,111
292,13:43:43,45.427424,12.358573,19,300,111
293,13:43:43,45.427424,12.358573,15,294,111
294,13:43:43,45.427424,12.358573,18,289,112
295,13:43:43,45.427424,12.358573,11,297,113
296,13:43:43,45.427424,12.358573,11,268,114
297,13:43:48,45.427438,12.358684,15,280,115
298,13:43:48,45.427438,12.358684,10,297,116
299,13:43:48,45.427438,12.358684,15,292,117
300,13:43:48,45.427438,12.358684,12,267,116
301,13:43:48,45.427438,12.358684,16,285,115
302,13:43:48,45.427438,12.358684,12,258,114
303,13:43:48,45.427438,12.358684,12,275,113
304,13:43:48,45.427438,12.358684,13,251,112
305,13:43:48,45.427438,12.358684,17,272,113
306,13:43:48,45.427438,12.358684,16,280,114
307,13:43:48,45.427438,12.358684,12,288,115
308,13:44:00,45.427474,12.358764,14,283,115
309,13:44:00,45.427474,12.358764,14,287,114
310,13:44:00,45.427474,12.358764,14,283,112
311,13:44:00,45.427474,12.358764,12,276,111
312,13:44:00,45.427474,12.358764,22,304,111
313,13:44:00,45.427474,12.358764,21,329,111
314,13:44:00,45.427474,12.358764,14,308,111
315,13:44:00,45.427474,12.358764,19,306,111
316,13:44:00,45.427474,12.358764,13,298,113
317,13:44:00,45.427474,12.358764,12,281,113
318,13:44:00,45.427474,12.358764,21,303,114
319,13:44:12,45.427545,12.358812,19,305,113
320,13:44:12,45.427545,12.358812,21,301,114
321,13:44:12,45.427545,12.358812,21,306,113
322,13:44:12,45.427545,12.358812,14,278,114
323,13:44:12,45.427545,12.358812,12,289,115
324,13:44:18,45.427617,12.358858,20,307,116
325,13:44:18,45.427617,12.358858,14,313,116
326,13:44:18,45.427617,12.358858,15,325,116
327,13:44:18,45.427617,12.358858,15,325,115
328,13:44:18,45.427617,12.358858,24,310,114
329,13:44:23,45.42764,12.358939,25,300,114
330,13:44:23,45.42764,12.358939,32,312,114
331,13:44:23,45.42764,12.358939,27,319,114
332,13:44:23,45.42764,12.358939,20,320,113
333,13:44:23,45.42764,12.358939,13,281,113
334,13:44:23,45.42764,12.358939,25,331,112
335,13:44:23,45.42764,12.358939,20,323,113
336,13:44:23,45.42764,12.358939,30,310,112
337,13:44:23,45.42764,12.358939,23,320,113
338,13:44:23,45.42764,12.358939,24,317,112
339,13:44:23,45.42764,12.358939,22,306,111
340,13:44:35,45.427622,12.359048,14,274,112
341,13:44:35,45.427622,12.359048,27,311,114
342,13:44:35,45.427622,12.359048,24,327,116
343,13:44:35,45.427622,12.359048,22,311,116
344,13:44:35,45.427622,12.359048,25,313,114
345,13:44:38,45.427604,12.359157,21,308,113
346,13:44:38,45.427604,12.359157,17,310,113
347,13:44:38,45.427604,12.359157,15,290,113
348,13:44:38,45.427604,12.359157,12,287,113
349,13:44:38,45.427604,12.359157,19,308,113
350,13:44:45,45.427576,12.359262,15,286,113
351,13:44:45,45.427576,12.359262,14,299,114
352,13:44:45,45.427576,12.359262,15,290,112
353,13:44:45,45.427576,12.359262,19,299,112
354,13:44:45,45.427576,12.359262,15,277,111
355,13:44:45,45.427576,12.359262,14,284,113
356,13:44:45,45.427576,12.359262,20,291,112
357,13:44:52,45.427546,12.359366,18,301,113
358,13:44:52,45.427546,12.359366,22,300,111
359,13:44:52,45.427546,12.359366,19,307,113
360,13:44:52,45.427546,12.359366,16,271,113
361,13:44:52,45.427546,12.359366,15,284,113
362,13:44:58,45.427515,12.359468,22,298,112
363,13:44:58,45.427515,12.359468,23,312,112
364,13:44:58,45.427515,12.359468,23,300,112
365,13:44:58,45.427515,12.359468,15,277,112
366,13:44:58,45.427515,12.359468,16,295,111
367,13:45:06,45.427482,12.359571,19,296,111
368,13:45:06,45.427482,12.359571,16,286,111
369,13:45:06,45.427482,12.359571,20,271,111
370,13:45:06,45.427482,12.359571,17,276,112
371,13:45:06,45.427482,12.359571,15,251,112
372,13:45:15,45.42745,12.359674,19,297,113
373,13:45:15,45.42745,12.359674,14,274,112
374,13:45:15,45.42745,12.359674,17,274,112
375,13:45:15,45.42745,12.359674,19,301,110
376,13:45:15,45.42745,12.359674,19,283,111
377,13:45:15,45.42745,12.359674,16,285,113
378,13:45:17,45.427421,12.359777,12,262,116
379,13:45:17,45.427421,12.359777,13,275,115
380,13:45:17,45.427421,12.359777,18,287,114
381,13:45:17,45.427421,12.359777,24,294,112
382,13:45:17,45.427421,12.359777,19,279,112
383,13:45:17,45.427421,12.359777,23,320,116
384,13:45:17,45.427421,12.359777,14,294,118
385,13:45:17,45.427421,12.359777,12,276,118
386,13:45:17,45.427421,12.359777,19,288,115
387,13:45:17,45.427421,12.359777,17,271,114
388,13:45:17,45.427421,12.359777,23,292,113
389,13:45:17,45.427421,12.359777,15,280,111
390,13:45:17,45.427421,12.359777,16,280,112
391,13:45:17,45.427421,12.359777,19,290,110
392,13:45:17,45.427421,12.359777,14,265,112
393,13:45:17,45.427421,12.359777,15,273,111
394,13:45:17,45.427421,12.359777,20,284,112
395,13:45:17,45.427421,12.359777,13,278,112
396,13:45:17,45.427421,12.359777,16,299,112
397,13:45:17,45.427421,12.359777,15,294,112
398,13:45:17,45.427421,12.359777,19,298,112
399,13:45:17,45.427421,12.359777,12,290,113
400,13:45:17,45.427421,12.359777,13,288,112
401,13:45:17,45.427421,12.359777,11,283,111
402,13:45:17,45.427421,12.359777,17,291,110
403,13:45:17,45.427421,12.359777,17,281,108
404,13:45:17,45.427421,12.359777,11,273,107
405,13:45:17,45.427421,12.359777,17,282,107
406,13:45:17,45.427421,12.359777,16,286,108
407,13:45:49,45.427391,12.359881,13,258,111
408,13:45:49,45.427391,12.359881,10,281,111
409,13:45:49,45.427391,12.359881,11,279,111
410,13:45:49,45.427391,12.359881,18,289,110
411,13:45:49,45.427391,12.359881,15,290,108
412,13:45:49,45.427391,12.359881,12,266,107
413,13:45:49,45.427391,12.359881,8,259,108
414,13:45:49,45.427391,12.359881,8,261,112
415,13:45:57,45.427369,12.359989,14,298,114
416,13:45:57,45.427369,12.359989,10,267,113
417,13:45:57,45.427369,12.359989,17,282,112
418,13:45:57,45.427369,12.359989,11,280,111
419,13:45:57,45.427369,12.359989,8,268,113
420,13:45:57,45.427369,12.359989,13,289,115
421,13:46:04,45.427319,12.360052,15,282,115
422,13:46:04,45.427319,12.360052,12,258,114
423,13:46:04,45.427319,12.360052,14,267,112
424,13:46:04,45.427319,12.360052,6,243,111
425,13:46:04,45.427319,12.360052,8,267,110
426,13:46:09,45.427242,12.360074,7,245,111
427,13:46:09,45.427242,12.360074,9,254,110
428,13:46:09,45.427242,12.360074,16,276,110
429,13:46:09,45.427242,12.360074,9,250,110
430,13:46:09,45.427242,12.360074,15,269,110
431,13:46:09,45.427242,12.360074,19,287,111
432,13:46:15,45.427165,12.360096,17,282,111
433,13:46:15,45.427165,12.360096,11,258,111
434,13:46:15,45.427165,12.360096,14,282,110
435,13:46:15,45.427165,12.360096,11,258,110
436,13:46:15,45.427165,12.360096,10,237,110
437,13:46:15,45.427165,12.360096,16,268,112
438,13:46:21,45.427087,12.360118,18,286,112
439,13:46:21,45.427087,12.360118,15,249,113
440,13:46:21,45.427087,12.360118,20,283,111
441,13:46:21,45.427087,12.360118,17,281,110
442,13:46:21,45.427087,12.360118,15,283,108
443,13:46:21,45.427087,12.360118,17,285,110
444,13:46:21,45.427087,12.360118,24,278,113
445,13:46:27,45.42701,12.36014,16,278,116
446,13:46:27,45.42701,12.36014,19,272,114
447,13:46:27,45.42701,12.36014,22,302,111
448,13:46:27,45.42701,12.36014,21,268,110
449,13:46:27,45.42701,12.36014,23,286,110
450,13:46:27,45.42701,12.36014,17,274,110
451,13:46:27,45.42701,12.36014,16,274,110
452,13:46:27,45.42701,12.36014,14,262,109
453,13:46:33,45.426933,12.360163,16,289,109
454,13:46:33,45.426933,12.360163,19,279,109
455,13:46:33,45.426933,12.360163,13,276,109
456,13:46:33,45.426933,12.360163,16,268,109
457,13:46:33,45.426933,12.360163,18,293,109
458,13:46:33,45.426933,12.360163,19,284,109
459,13:46:38,45.426857,12.360194,24,292,110
460,13:46:38,45.426857,12.360194,18,259,110
461,13:46:38,45.426857,12.360194,19,275,110
462,13:46:38,45.426857,12.360194,17,283,109
463,13:46:38,45.426857,12.360194,15,247,108
464,13:46:38,45.426857,12.360194,18,265,108
465,13:46:45,45.426782,12.360225,13,296,112
466,13:46:45,45.426782,12.360225,20,292,112
467,13:46:45,45.426782,12.360225,17,259,111
468,13:46:45,45.426782,12.360225,18,277,107
469,13:46:45,45.426782,12.360225,22,289,106
470,13:46:45,45.426782,12.360225,18,289,106
471,13:46:55,45.42671,12.36027,18,276,106
472,13:46:55,45.42671,12.36027,17,281,107
473,13:46:55,45.42671,12.36027,17,290,108
474,13:46:55,45.42671,12.36027,13,291,109
475,13:47:03,45.426648,12.360334,15,296,108
476,13:47:03,45.426648,12.360334,16,319,107
477,13:47:03,45.426648,12.360334,19,323,107
478,13:47:03,45.426648,12.360334,18,300,107
479,13:47:03,45.426648,12.360334,18,288,106
480,13:47:08,45.426601,12.360425,15,279,105
481,13:47:08,45.426601,12.360425,18,296,106
482,13:47:08,45.426601,12.360425,18,303,108
483,13:47:08,45.426601,12.360425,23,289,110
484,13:47:08,45.426601,12.360425,21,294,110
485,13:47:08,45.426601,12.360425,17,280,108
486,13:47:15,45.426553,12.360514,19,282,106
487,13:47:15,45.426553,12.360514,15,262,105
488,13:47:15,45.426553,12.360514,11,282,106
489,13:47:15,45.426553,12.360514,8,256,106
490,13:47:15,45.426553,12.360514,10,264,108
491,13:47:20,45.426507,12.360605,12,273,113
492,13:47:20,45.426507,12.360605,11,268,117
493,13:47:20,45.426507,12.360605,19,295,117
494,13:47:20,45.426507,12.360605,14,274,111
495,13:47:20,45.426507,12.360605,11,274,108
496,13:47:20,45.426507,12.360605,13,236,106
497,13:47:27,45.426462,12.360697,22,272,104
498,13:47:27,45.426462,12.360697,19,273,104
499,13:47:27,45.426462,12.360697,18,265,105
500,13:47:27,45.426462,12.360697,17,276,108
501,13:47:27,45.426462,12.360697,19,266,108
502,13:47:32,45.426416,12.360788,11,243,109
503,13:47:32,45.426416,12.360788,21,273,107
504,13:47:32,45.426416,12.360788,12,258,107
505,13:47:32,45.426416,12.360788,17,269,105
506,13:47:32,45.426416,12.360788,21,273,106
507,13:47:32,45.426416,12.360788,15,266,105
508,13:47:39,45.42637,12.360879,17,262,104
509,13:47:39,45.42637,12.360879,13,232,104
510,13:47:39,45.42637,12.360879,19,241,104
511,13:47:39,45.42637,12.360879,12,216,105
512,13:47:39,45.42637,12.360879,21,281,104
513,13:47:39,45.42637,12.360879,21,283,104
514,13:47:39,45.42637,12.360879,18,267,103
515,13:47:39,45.42637,12.360879,12,243,104
516,13:47:39,45.42637,12.360879,18,267,104
517,13:47:39,45.42637,12.360879,20,267,105
518,13:47:39,45.42637,12.360879,14,233,104
519,13:47:39,45.42637,12.360879,16,272,106
520,13:47:39,45.42637,12.360879,19,266,104
521,13:47:39,45.42637,12.360879,19,269,102
522,13:47:39,45.42637,12.360879,22,269,101
523,13:47:39,45.42637,12.360879,18,242,103
524,13:47:39,45.42637,12.360879,13,222,103
525,13:47:39,45.42637,12.360879,12,223,103
526,13:47:39,45.42637,12.360879,13,225,103
527,13:47:39,45.42637,12.360879,17,247,104
528,13:47:39,45.42637,12.360879,15,261,105
529,13:47:39,45.42637,12.360879,17,263,105
530,13:47:39,45.42637,12.360879,18,240,105
531,13:47:39,45.42637,12.360879,17,247,105
532,13:47:39,45.42637,12.360879,20,245,109
533,13:47:39,45.42637,12.360879,16,237,111
534,13:48:07,45.426325,12.360971,21,265,110
535,13:48:07,45.426325,12.360971,16,244,106
536,13:48:07,45.426325,12.360971,15,238,103
537,13:48:07,45.426325,12.360971,16,248,102
538,13:48:07,45.426325,12.360971,21,268,103
539,13:48:07,45.426325,12.360971,17,268,104
540,13:48:14,45.426279,12.361063,21,258,107
541,13:48:14,45.426279,12.361063,14,245,105
542,13:48:14,45.426279,12.361063,22,265,104
543,13:48:14,45.426279,12.361063,10,257,103
544,13:48:14,45.426279,12.361063,17,270,104
545,13:48:19,45.426242,12.361161,19,266,105
546,13:48:19,45.426242,12.361161,20,260,104
547,13:48:19,45.426242,12.361161,11,220,104
548,13:48:19,45.426242,12.361161,16,237,102
549,13:48:19,45.426242,12.361161,17,265,100
550,13:48:19,45.426242,12.361161,17,267,98
551,13:48:26,45.426204,12.36126,19,247,99
552,13:48:26,45.426204,12.36126,22,264,100
553,13:48:26,45.426204,12.36126,13,200,102
554,13:48:26,45.426204,12.36126,19,263,103
555,13:48:26,45.426204,12.36126,15,265,104
556,13:48:31,45.426167,12.361359,12,249,104
557,13:48:31,45.426167,12.361359,22,268,105
558,13:48:31,45.426167,12.361359,21,261,105
559,13:48:31,45.426167,12.361359,14,236,104
560,13:48:31,45.426167,12.361359,17,266,102
561,13:48:31,45.426167,12.361359,18,259,100
562,13:48:31,45.426167,12.361359,21,266,100
563,13:48:38,45.42613,12.361458,17,264,99
564,13:48:38,45.42613,12.361458,16,245,100
565,13:48:38,45.42613,12.361458,15,241,100
566,13:48:38,45.42613,12.361458,17,228,101
567,13:48:38,45.42613,12.361458,21,275,100
568,13:48:38,45.42613,12.361458,21,295,101
569,13:48:45,45.426092,12.361556,20,292,100
570,13:48:45,45.426092,12.361556,17,269,98
571,13:48:45,45.426092,12.361556,14,257,98
572,13:48:45,45.426092,12.361556,9,222,99
573,13:48:45,45.426092,12.361556,10,230,100
574,13:48:45,45.426092,12.361556,16,258,100
575,13:48:45,45.426092,12.361556,16,244,100
576,13:48:45,45.426092,12.361556,14,252,99
577,13:48:51,45.426053,12.361654,12,222,97
578,13:48:51,45.426053,12.361654,13,237,97
579,13:48:51,45.426053,12.361654,11,242,99
580,13:48:51,45.426053,12.361654,12,226,99
581,13:48:51,45.426053,12.361654,14,244,98
582,13:48:55,45.426014,12.361751,15,244,97
583,13:48:55,45.426014,12.361751,17,260,97
584,13:48:55,45.426014,12.361751,11,225,98
585,13:48:55,45.426014,12.361751,15,245,98
586,13:48:02,45.425972,12.361847,16,251,100
587,13:48:02,45.425972,12.361847,18,257,97
588,13:48:02,45.425972,12.361847,17,253,96
589,13:48:02,45.425972,12.361847,15,251,94
590,13:48:02,45.425972,12.361847,11,235,95
591,13:48:02,45.425972,12.361847,16,250,95
592,13:48:07,45.426325,12.360971,16,259,95
593,13:48:07,45.426325,12.360971,13,240,95
594,13:48:07,45.426325,12.360971,13,263,96
595,13:48:07,45.426325,12.360971,16,260,97
596,13:48:07,45.426325,12.360971,17,270,95
597,13:48:07,45.426325,12.360971,11,252,95
598,13:48:12,45.42593,12.361942,13,249,95
599,13:48:12,45.42593,12.361942,17,256,96
600,13:48:12,45.42593,12.361942,8,214,96
601,13:49:19,45.425889,12.362037,8,224,97
602,13:49:19,45.425889,12.362037,13,240,96
603,13:49:19,45.425889,12.362037,13,255,95
604,13:49:19,45.425889,12.362037,5,212,96
605,13:49:19,45.425889,12.362037,14,263,100
606,13:49:19,45.425889,12.362037,9,233,101
607,13:49:19,45.425889,12.362037,6,238,98
608,13:49:19,45.425889,12.362037,17,265,95
609,13:49:19,45.425889,12.362037,15,242,95
610,13:49:19,45.425889,12.362037,15,252,97
611,13:49:31,45.425847,12.362133,16,272,96
612,13:49:31,45.425847,12.362133,17,266,94
613,13:49:31,45.425847,12.362133,16,239,94
614,13:49:31,45.425847,12.362133,15,208,98
615,13:49:31,45.425847,12.362133,13,235,105
616,13:49:31,45.425847,12.362133,14,256,109
617,13:49:31,45.425847,12.362133,14,259,106
618,13:49:31,45.425847,12.362133,17,266,98
619,13:49:31,45.425847,12.362133,16,260,94
620,13:49:31,45.425847,12.362133,15,264,94
621,13:49:31,45.425847,12.362133,17,266,97
622,13:49:43,45.425806,12.362228,17,262,96
623,13:49:43,45.425806,12.362228,7,255,96
624,13:49:43,45.425806,12.362228,13,263,95
625,13:49:43,45.425806,12.362228,12,261,94
626,13:49:43,45.425806,12.362228,15,256,95
627,13:49:43,45.425806,12.362228,13,249,95
628,13:49:49,45.425765,12.362324,18,286,96
629,13:49:49,45.425765,12.362324,13,290,95
630,13:49:49,45.425765,12.362324,16,295,96
631,13:49:49,45.425765,12.362324,16,293,94
632,13:49:49,45.425765,12.362324,17,286,95
633,13:49:55,45.425724,12.36242,12,269,93
634,13:49:57,45.425683,12.362516,14,266,95
635,13:49:57,45.425683,12.362516,16,261,95
636,13:49:57,45.425683,12.362516,12,250,95
637,13:49:57,45.425683,12.362516,17,262,93
638,13:49:57,45.425683,12.362516,14,247,94
639,13:50:02,45.425678,12.362528,15,273,95
640,13:50:02,45.425678,12.362528,16,263,95
641,13:50:02,45.425678,12.362528,16,268,96
642,13:50:02,45.425678,12.362528,10,254,95
643,13:50:02,45.425678,12.362528,13,243,96
644,13:50:02,45.425678,12.362528,6,225,94
645,13:50:02,45.425678,12.362528,15,258,95
646,13:50:02,45.425678,12.362528,7,220,95
647,13:50:02,45.425678,12.362528,9,230,95
648,13:50:02,45.425678,12.362528,12,248,93
649,13:50:02,45.425678,12.362528,8,221,93
650,13:50:14,45.425719,12.362433,10,249,94
651,13:50:14,45.425719,12.362433,6,239,95
652,13:50:14,45.425719,12.362433,16,261,95
653,13:50:14,45.425719,12.362433,15,259,94
654,13:50:14,45.425719,12.362433,14,236,93
655,13:50:19,45.42576,12.362337,16,236,93
656,13:50:19,45.42576,12.362337,15,241,94
657,13:50:19,45.42576,12.362337,14,243,94
658,13:50:19,45.42576,12.362337,11,204,95
659,13:50:19,45.42576,12.362337,12,235,96
660,13:50:19,45.42576,12.362337,15,261,95
661,13:50:19,45.42576,12.362337,15,258,93
662,13:50:19,45.42576,12.362337,17,263,93
663,13:50:19,45.42576,12.362337,18,262,94
664,13:50:19,45.42576,12.362337,14,268,96
665,13:50:19,45.42576,12.362337,17,284,98
666,13:50:24,45.425801,12.362241,17,274,97
667,13:50:24,45.425801,12.362241,17,265,96
668,13:50:24,45.425801,12.362241,5,210,94
669,13:50:24,45.425801,12.362241,11,242,96
670,13:50:24,45.425801,12.362241,9,249,96
671,13:50:24,45.425801,12.362241,13,244,96
672,13:50:31,45.425842,12.362145,14,263,94
673,13:50:31,45.425842,12.362145,15,268,95
674,13:50:31,45.425842,12.362145,15,266,97
675,13:50:31,45.425842,12.362145,16,268,98
676,13:50:31,45.425842,12.362145,9,231,96
677,13:50:31,45.425842,12.362145,15,274,95
678,13:50:31,45.425842,12.362145,12,249,94
679,13:50:31,45.425842,12.362145,14,251,95
680,13:50:31,45.425842,12.362145,18,280,100
681,13:50:31,45.425842,12.362145,18,276,101
682,13:50:31,45.425842,12.362145,10,265,99
683,13:50:31,45.425842,12.362145,15,273,97
684,13:50:31,45.425842,12.362145,14,276,95
685,13:50:31,45.425842,12.362145,19,272,96
686,13:50:31,45.425842,12.362145,18,262,94
687,13:50:31,45.425842,12.362145,12,244,93
688,13:50:31,45.425842,12.362145,9,276,94
689,13:50:31,45.425842,12.362145,15,272,96
690,13:50:31,45.425842,12.362145,10,230,98
691,13:50:31,45.425842,12.362145,16,244,98
692,13:50:31,45.425842,12.362145,14,269,95
693,13:50:31,45.425842,12.362145,6,223,94
694,13:50:31,45.425842,12.362145,17,255,93
695,13:50:31,45.425842,12.362145,18,259,93
696,13:50:31,45.425842,12.362145,17,277,94
697,13:50:31,45.425842,12.362145,16,272,94
698,13:50:31,45.425842,12.362145,13,267,95
699,13:50:31,45.425842,12.362145,11,252,95
700,13:50:31,45.425842,12.362145,16,271,95
701,13:50:31,45.425842,12.362145,14,269,94
702,13:50:31,45.425842,12.362145,13,257,94
703,13:50:31,45.425842,12.362145,14,270,95
704,13:50:31,45.425842,12.362145,14,250,95
705,13:50:31,45.425842,12.362145,12,254,94
706,13:50:31,45.425842,12.362145,15,267,94
707,13:50:31,45.425842,12.362145,15,272,94
708,13:50:31,45.425842,12.362145,13,244,95
709,13:50:31,45.425842,12.362145,14,252,94
710,13:50:31,45.425842,12.362145,14,260,94
711,13:50:31,45.425842,12.362145,14,254,94
712,13:50:31,45.425842,12.362145,15,258,95
713,13:50:31,45.425842,12.362145,17,266,95
714,13:50:31,45.425842,12.362145,16,290,95
715,13:50:31,45.425842,12.362145,11,247,94
716,13:50:31,45.425842,12.362145,9,251,95
717,13:50:31,45.425842,12.362145,14,255,95
718,13:50:31,45.425842,12.362145,16,264,94
719,13:50:31,45.425842,12.362145,5,228,94
720,13:50:31,45.425842,12.362145,19,263,95
721,13:50:31,45.425842,12.362145,17,266,99
722,13:50:31,45.425842,12.362145,14,261,102
723,13:50:31,45.425842,12.362145,16,260,100
724,13:50:31,45.425842,12.362145,8,211,96
725,13:50:31,45.425842,12.362145,16,255,93
726,13:51:37,45.425883,12.36205,6,221,93
727,13:51:37,45.425883,12.36205,19,264,93
728,13:51:37,45.425883,12.36205,14,267,93
729,13:51:37,45.425883,12.36205,14,245,93
730,13:51:37,45.425883,12.36205,8,252,93
731,13:51:37,45.425883,12.36205,14,260,92
732,13:51:37,45.425883,12.36205,14,262,92
733,13:51:37,45.425883,12.36205,18,259,92
734,13:51:37,45.425883,12.36205,7,242,93
735,13:51:37,45.425883,12.36205,9,260,94
736,13:51:37,45.425883,12.36205,7,219,94
737,13:51:49,45.425925,12.361954,12,229,96
738,13:51:49,45.425925,12.361954,15,232,97
739,13:51:49,45.425925,12.361954,14,245,96
740,13:51:49,45.425925,12.361954,16,257,93
741,13:51:49,45.425925,12.361954,11,224,92
742,13:51:49,45.425925,12.361954,14,275,93
743,13:51:49,45.425925,12.361954,18,277,93
744,13:51:49,45.425925,12.361954,9,249,93
745,13:51:49,45.425925,12.361954,16,248,95
746,13:51:49,45.425925,12.361954,14,232,96
747,13:51:49,45.425925,12.361954,16,237,95
748,13:52:01,45.425967,12.361859,16,260,95
749,13:52:01,45.425967,12.361859,17,259,95
750,13:52:01,45.425967,12.361859,16,246,95
751,13:52:01,45.425967,12.361859,11,216,95
752,13:52:01,45.425967,12.361859,13,227,95
753,13:52:01,45.425967,12.361859,11,228,94
754,13:52:01,45.425967,12.361859,14,241,93
755,13:52:01,45.425967,12.361859,11,210,95
756,13:52:01,45.425967,12.361859,13,254,96
757,13:52:01,45.425967,12.361859,15,253,96
758,13:52:01,45.425967,12.361859,17,264,95
759,13:52:13,45.426008,12.361764,15,262,94
760,13:52:13,45.426008,12.361764,16,260,94
761,13:52:13,45.426008,12.361764,17,259,95
762,13:52:13,45.426008,12.361764,14,234,96
763,13:52:13,45.426008,12.361764,13,231,96
764,13:52:13,45.426008,12.361764,16,262,96
765,13:52:13,45.426008,12.361764,18,268,95
766,13:52:13,45.426008,12.361764,19,267,96
767,13:52:13,45.426008,12.361764,14,260,95
768,13:52:13,45.426008,12.361764,12,246,94
769,13:52:13,45.426008,12.361764,18,265,95
770,13:52:25,45.426047,12.361666,15,262,96
771,13:52:25,45.426047,12.361666,17,278,97
772,13:52:25,45.426047,12.361666,15,258,97
773,13:52:25,45.426047,12.361666,14,264,97
774,13:52:25,45.426047,12.361666,12,263,96
775,13:52:25,45.426047,12.361666,13,264,94
776,13:52:25,45.426047,12.361666,16,267,95
777,13:52:25,45.426047,12.361666,15,265,96
778,13:52:25,45.426047,12.361666,15,268,97
779,13:52:25,45.426047,12.361666,13,263,96
780,13:52:25,45.426047,12.361666,14,253,95
781,13:52:37,45.426086,12.361569,16,267,96
782,13:52:37,45.426086,12.361569,13,266,96
783,13:52:37,45.426086,12.361569,11,224,98
784,13:52:37,45.426086,12.361569,13,252,98
785,13:52:37,45.426086,12.361569,13,232,99
786,13:52:43,45.426125,12.361471,11,246,98
787,13:52:43,45.426125,12.361471,14,262,98
788,13:52:43,45.426125,12.361471,13,249,97
789,13:52:46,45.426162,12.361372,15,250,99
790,13:52:46,45.426162,12.361372,14,274,98
791,13:52:46,45.426162,12.361372,16,269,97
792,13:52:49,45.426199,12.361273,14,266,96
793,13:52:51,45.426237,12.361174,15,259,96
794,13:52:51,45.426237,12.361174,12,249,97
795,13:52:51,45.426237,12.361174,16,238,96
796,13:52:51,45.426237,12.361174,14,246,96
797,13:52:54,45.426274,12.361075,15,249,97
798,13:52:55,45.426319,12.360983,14,240,98
799,13:52:55,45.426319,12.360983,18,244,97
800,13:52:55,45.426319,12.360983,18,264,96
801,13:52:55,45.426319,12.360983,14,265,96
802,13:52:55,45.426319,12.360983,16,257,96
803,13:52:55,45.426319,12.360983,16,267,96
804,13:52:55,45.426319,12.360983,19,267,96
805,13:52:55,45.426319,12.360983,15,270,95
806,13:52:55,45.426319,12.360983,17,261,96
807,13:52:55,45.426319,12.360983,16,258,97
808,13:52:55,45.426319,12.360983,13,228,98
809,13:52:55,45.426319,12.360983,16,219,98
810,13:52:55,45.426319,12.360983,21,266,96
811,13:52:55,45.426319,12.360983,16,263,97
812,13:52:55,45.426319,12.360983,18,265,95
813,13:52:55,45.426319,12.360983,12,239,95
814,13:53:13,45.426364,12.360891,12,222,95
815,13:53:13,45.426364,12.360891,22,270,97
816,13:53:13,45.426364,12.360891,17,244,99
817,13:53:13,45.426364,12.360891,16,245,99
818,13:53:13,45.426364,12.360891,12,224,99
819,13:53:13,45.426364,12.360891,14,246,96
820,13:53:13,45.426364,12.360891,17,265,96
821,13:53:13,45.426364,12.360891,13,269,97
822,13:53:13,45.426364,12.360891,17,258,98
823,13:53:13,45.426364,12.360891,13,299,97
824,13:53:13,45.426364,12.360891,20,297,98
825,13:53:25,45.42641,12.3608,15,272,98
826,13:53:25,45.42641,12.3608,16,267,98
827,13:53:25,45.42641,12.3608,11,244,96
828,13:53:25,45.42641,12.3608,19,267,97
829,13:53:25,45.42641,12.3608,14,242,96
830,13:53:25,45.42641,12.3608,16,244,97
831,13:53:32,45.426456,12.360709,10,216,97
832,13:53:33,45.426501,12.360617,20,265,98
833,13:53:33,45.426501,12.360617,14,259,97
834,13:53:35,45.426547,12.360526,12,252,97
835,13:53:36,45.426595,12.360437,14,267,97
836,13:53:36,45.426595,12.360437,16,270,98
837,13:53:36,45.426595,12.360437,17,268,97
838,13:53:36,45.426595,12.360437,17,275,97
839,13:53:40,45.426642,12.360346,13,242,97
840,13:53:41,45.426702,12.360278,16,262,96
841,13:53:43,45.426772,12.360229,18,267,96
842,13:53:44,45.426847,12.360198,16,266,95
843,13:53:45,45.426923,12.360167,15,235,95
844,13:53:46,45.427,12.360143,8,206,97
845,13:53:47,45.427077,12.360121,8,200,98
846,13:53:48,45.427154,12.360099,10,253,99
847,13:53:48,45.427154,12.360099,10,236,100
848,13:53:51,45.427232,12.360077,14,258,100
849,13:53:51,45.427232,12.360077,11,243,100
850,13:53:51,45.427232,12.360077,12,236,99
851,13:53:53,45.427309,12.360055,17,253,98
852,13:53:55,45.427386,12.360034,14,239,99
853,13:53:55,45.427386,12.360034,16,238,102
854,13:53:55,45.427386,12.360034,17,266,103
855,13:53:55,45.427386,12.360034,17,264,103
856,13:53:55,45.427386,12.360034,16,263,101
857,13:54:01,45.427464,12.360018,14,239,99
858,13:54:02,45.427542,12.360002,13,238,99
859,13:54:02,45.427542,12.360002,15,271,99
860,13:54:04,45.427621,12.35999,14,269,98
861,13:54:05,45.427699,12.359981,13,265,98
862,13:54:05,45.427699,12.359981,12,255,99
863,13:54:05,45.427699,12.359981,16,251,99
864,13:54:05,45.427699,12.359981,15,257,100
865,13:54:05,45.427699,12.359981,15,253,97
866,13:54:05,45.427699,12.359981,9,224,97
867,13:54:05,45.427699,12.359981,16,269,95
868,13:54:12,45.427778,12.359988,9,244,96
869,13:54:12,45.427778,12.359988,14,269,97
870,13:54:12,45.427778,12.359988,9,243,99
871,13:54:12,45.427778,12.359988,12,285,100
872,13:54:16,45.427856,12.359994,8,227,100
873,13:54:16,45.427856,12.359994,15,266,101
874,13:54:19,45.427935,12.360005,10,249,101
875,13:54:19,45.427935,12.360005,12,273,102
876,13:54:19,45.427935,12.360005,14,278,104
877,13:54:19,45.427935,12.360005,16,279,104
878,13:54:19,45.427935,12.360005,14,273,103
879,13:54:24,45.428011,12.36003,20,275,101
880,13:54:24,45.428011,12.36003,17,273,100
881,13:54:24,45.428011,12.36003,18,279,100
882,13:54:28,45.428089,12.360052,15,268,101
883,13:54:28,45.428089,12.360052,14,275,101
884,13:54:30,45.428166,12.36007,16,260,102
885,13:54:30,45.428166,12.36007,17,261,106
886,13:54:30,45.428166,12.36007,14,270,108
887,13:54:30,45.428166,12.36007,15,277,106
888,13:54:30,45.428166,12.36007,13,264,103
889,13:54:30,45.428166,12.36007,14,239,101
890,13:54:36,45.428244,12.360088,12,264,101
891,13:54:36,45.428244,12.360088,20,277,99
892,13:54:36,45.428244,12.360088,14,281,98
893,13:54:36,45.428244,12.360088,14,271,99
894,13:54:41,45.428322,12.360107,11,286,101
895,13:54:42,45.428399,12.360125,13,289,102
896,13:54:42,45.428399,12.360125,21,286,102
897,13:54:42,45.428399,12.360125,18,287,102
898,13:54:42,45.428399,12.360125,15,305,102
899,13:54:42,45.428399,12.360125,25,321,102
900,13:54:42,45.428399,12.360125,22,335,100
901,13:54:48,45.428477,12.360143,16,281,99
902,13:54:48,45.428477,12.360143,13,250,98
903,13:54:48,45.428477,12.360143,21,285,99
904,13:54:48,45.428477,12.360143,17,248,100
905,13:54:52,45.428555,12.36016,19,261,102
906,13:54:52,45.428555,12.36016,20,263,102
907,13:54:52,45.428555,12.36016,21,275,101
908,13:54:52,45.428555,12.36016,20,280,100
909,13:54:52,45.428555,12.36016,16,275,101
910,13:54:52,45.428555,12.36016,15,279,101
911,13:54:59,45.428633,12.360177,18,278,102
912,13:55:00,45.428711,12.360195,21,275,102
913,13:55:00,45.428711,12.360195,13,252,102
914,13:55:02,45.428789,12.360212,12,226,102
915,13:55:02,45.428789,12.360212,18,229,103
916,13:55:04,45.428866,12.360229,19,216,103
917,13:55:04,45.428866,12.360229,14,204,102
918,13:55:04,45.428866,12.360229,22,277,99
919,13:55:04,45.428866,12.360229,22,284,100
920,13:55:04,45.428866,12.360229,23,277,99
921,13:55:04,45.428866,12.360229,13,264,98
922,13:55:04,45.428866,12.360229,14,244,98
923,13:55:12,45.428944,12.360247,12,236,99
924,13:55:12,45.428944,12.360247,20,271,101
925,13:55:15,45.429022,12.360265,14,257,101
926,13:55:15,45.429022,12.360265,12,251,100
927,13:55:17,45.4291,12.360283,14,244,100
928,13:55:18,45.429177,12.360302,12,220,100
929,13:55:18,45.429177,12.360302,20,246,102
930,13:55:18,45.429177,12.360302,19,279,102
931,13:55:18,45.429177,12.360302,22,275,101
932,13:55:18,45.429177,12.360302,14,247,100
933,13:55:18,45.429177,12.360302,13,262,102
934,13:55:25,45.429255,12.360321,16,268,107
935,13:55:26,45.429333,12.360341,13,257,107
936,13:55:26,45.429333,12.360341,21,268,105
937,13:55:26,45.429333,12.360341,11,228,102
938,13:55:28,45.42941,12.36036,16,244,103
939,13:55:28,45.42941,12.36036,18,267,105
940,13:55:31,45.429488,12.360379,22,269,106
941,13:55:31,45.429488,12.360379,19,254,105
942,13:55:31,45.429488,12.360379,18,254,103
943,13:55:31,45.429488,12.360379,14,270,105
944,13:55:31,45.429488,12.360379,23,268,104
945,13:55:31,45.429488,12.360379,12,269,104
946,13:55:38,45.429565,12.360398,21,298,101
947,13:55:38,45.429565,12.360398,11,240,100
948,13:55:38,45.429565,12.360398,13,237,101
949,13:55:40,45.429643,12.360417,21,259,103
950,13:55:40,45.429643,12.360417,16,254,103
951,13:55:40,45.429643,12.360417,18,258,102
952,13:55:40,45.429643,12.360417,10,238,101
953,13:55:40,45.429643,12.360417,16,264,101
954,13:55:40,45.429643,12.360417,17,260,102
955,13:55:47,45.429721,12.360435,17,267,100
956,13:55:47,45.429721,12.360435,17,268,98
957,13:55:47,45.429721,12.360435,22,268,98
958,13:55:47,45.429721,12.360435,15,272,99
959,13:55:51,45.42978,12.360377,17,250,100
960,13:55:51,45.42978,12.360377,14,248,99
961,13:55:51,45.42978,12.360377,20,270,97
962,13:55:51,45.42978,12.360377,11,220,99
963,13:55:51,45.42978,12.360377,15,257,100
964,13:55:51,45.42978,12.360377,20,249,103
965,13:55:58,45.429832,12.360294,18,264,104
966,13:55:59,45.429885,12.36021,15,247,109
967,13:55:59,45.429885,12.36021,17,249,110
968,13:55:59,45.429885,12.36021,18,240,107
969,13:55:59,45.429885,12.36021,18,247,101
970,13:56:03,45.429938,12.360127,22,214,100
971,13:56:03,45.429938,12.360127,15,234,100
972,13:56:06,45.429991,12.360044,10,208,100
973,13:56:07,45.430044,12.359961,18,249,99
974,13:56:08,45.430098,12.359879,19,247,101
975,13:56:09,45.430151,12.359796,24,267,102
976,13:56:10,45.430205,12.359714,23,262,103
977,13:56:11,45.430231,12.359612,22,265,104
978,13:56:11,45.430231,12.359612,14,282,104
979,13:56:11,45.430231,12.359612,28,319,101
980,13:56:14,45.43024,12.3595,22,283,99
981,13:56:15,45.430249,12.359389,19,266,99
982,13:56:15,45.430249,12.359389,23,260,98
983,13:56:15,45.430249,12.359389,26,277,100
984,13:56:19,45.430308,12.359327,20,256,100
985,13:56:20,45.430379,12.359278,17,259,100
986,13:56:20,45.430379,12.359278,14,250,100
987,13:56:20,45.430379,12.359278,6,200,105
988,13:56:23,45.430394,12.359185,7,207,103
989,13:56:23,45.430394,12.359185,11,242,101
990,13:56:23,45.430394,12.359185,13,244,96
991,13:56:23,45.430394,12.359185,19,259,97
992,13:56:23,45.430394,12.359185,18,262,98
993,13:56:28,45.430358,12.359085,12,229,98
994,13:56:28,45.430358,12.359085,15,257,98
995,13:56:28,45.430358,12.359085,9,211,98
996,13:56:28,45.430358,12.359085,14,248,98
997,13:56:28,45.430358,12.359085,10,247,98
998,13:56:28,45.430358,12.359085,13,257,98
999,13:56:35,45.430322,12.358985,11,230,98
1000,13:56:35,45.430322,12.358985,16,238,98
1001,13:56:35,45.430322,12.358985,14,252,98
1002,13:56:35,45.430322,12.358985,13,255,98
1003,13:56:40,45.430288,12.358884,13,256,96
1004,13:56:40,45.430288,12.358884,6,250,96
1005,13:56:40,45.430288,12.358884,15,262,98
1006,13:56:40,45.430288,12.358884,6,258,100
1007,13:56:40,45.430288,12.358884,13,252,99
1008,13:56:40,45.430288,12.358884,10,233,98
1009,13:56:46,45.430254,12.358783,15,238,98
1010,13:56:46,45.430254,12.358783,16,252,98
1011,13:56:46,45.430254,12.358783,13,254,96
1012,13:56:46,45.430254,12.358783,12,252,95
1013,13:56:46,45.430254,12.358783,14,241,94
1014,13:56:51,45.43022,12.358681,17,282,96
1015,13:56:51,45.43022,12.358681,17,279,96
1016,13:56:51,45.43022,12.358681,16,264,97
1017,13:56:51,45.43022,12.358681,14,263,97
1018,13:56:51,45.43022,12.358681,17,258,97
1019,13:56:51,45.43022,12.358681,14,256,96
1020,13:56:51,45.43022,12.358681,16,260,95
1021,13:56:51,45.43022,12.358681,11,218,94
1022,13:56:51,45.43022,12.358681,13,217,94
1023,13:56:51,45.43022,12.358681,16,250,95
1024,13:56:51,45.43022,12.358681,16,259,97
1025,13:57:03,45.430186,12.35858,16,216,97
1026,13:57:03,45.430186,12.35858,14,226,95
1027,13:57:03,45.430186,12.35858,14,258,93
1028,13:57:03,45.430186,12.35858,14,230,98
1029,13:57:03,45.430186,12.35858,16,252,102
1030,13:57:03,45.430186,12.35858,16,239,106
1031,13:57:10,45.43015,12.35848,19,233,99
1032,13:57:10,45.43015,12.35848,16,226,95
1033,13:57:10,45.43015,12.35848,12,241,93
1034,13:57:10,45.43015,12.35848,14,242,94
1035,13:57:10,45.43015,12.35848,14,250,94
1036,13:57:10,45.43015,12.35848,15,259,95
1037,13:57:10,45.43015,12.35848,13,257,96
1038,13:57:10,45.43015,12.35848,14,243,95
1039,13:57:10,45.43015,12.35848,19,258,97
1040,13:57:10,45.43015,12.35848,7,243,95
1041,13:57:10,45.43015,12.35848,8,219,98
1042,13:57:22,45.430114,12.358381,12,248,94
1043,13:57:22,45.430114,12.358381,11,206,95
1044,13:57:22,45.430114,12.358381,12,231,94
1045,13:57:22,45.430114,12.358381,10,233,95
1046,13:57:26,45.430174,12.358329,17,248,94
1047,13:57:26,45.430174,12.358329,14,239,94
1048,13:57:29,45.430246,12.358282,16,254,93
1049,13:57:29,45.430246,12.358282,7,255,94
1050,13:57:29,45.430246,12.358282,15,257,94
1051,13:57:29,45.430246,12.358282,9,247,94
1052,13:57:33,45.430262,12.358207,14,269,95
1053,13:57:33,45.430262,12.358207,12,240,96
1054,13:57:33,45.430262,12.358207,14,255,96
1055,13:57:33,45.430262,12.358207,9,250,95
1056,13:57:33,45.430262,12.358207,13,247,93
1057,13:57:38,45.430227,12.358107,16,252,94
1058,13:57:38,45.430227,12.358107,8,229,96
1059,13:57:38,45.430227,12.358107,19,260,97
1060,13:57:38,45.430227,12.358107,19,263,97
1061,13:57:38,45.430227,12.358107,17,256,95
1062,13:57:45,45.430192,12.358006,15,259,93
1063,13:57:45,45.430192,12.358006,7,232,93
1064,13:57:45,45.430192,12.358006,11,242,94
1065,13:57:45,45.430192,12.358006,17,262,94
1066,13:57:45,45.430192,12.358006,14,263,93
1067,13:57:45,45.430192,12.358006,18,257,93
1068,13:57:45,45.430192,12.358006,15,240,93
1069,13:57:51,45.430157,12.357905,17,253,93
1070,13:57:51,45.430157,12.357905,16,227,93
1071,13:57:51,45.430157,12.357905,10,211,94
1072,13:57:51,45.430157,12.357905,14,244,95
1073,13:57:51,45.430157,12.357905,16,250,96
1074,13:57:57,45.430122,12.357805,20,269,94
1075,13:57:57,45.430122,12.357805,14,260,94
1076,13:57:57,45.430122,12.357805,17,246,94
1077,13:57:57,45.430122,12.357805,20,273,95
1078,13:57:57,45.430122,12.357805,19,270,94
1079,13:57:57,45.430122,12.357805,15,244,94
1080,13:57:57,45.430122,12.357805,11,243,93
1081,13:57:57,45.430122,12.357805,12,272,95
1082,13:57:57,45.430122,12.357805,22,309,94
1083,13:57:57,45.430122,12.357805,16,314,95
1084,13:57:57,45.430122,12.357805,15,270,93
1085,13:58:09,45.430087,12.357704,18,265,93
1086,13:58:09,45.430087,12.357704,21,269,94
1087,13:58:09,45.430087,12.357704,13,258,96
1088,13:58:09,45.430087,12.357704,14,264,96
1089,13:58:09,45.430087,12.357704,18,269,96
1090,13:58:09,45.430087,12.357704,11,250,94
1091,13:58:09,45.430087,12.357704,14,251,95
1092,13:58:09,45.430087,12.357704,10,223,95
1093,13:58:09,45.430087,12.357704,17,268,95
1094,13:58:09,45.430087,12.357704,10,263,94
1095,13:58:09,45.430087,12.357704,19,265,95
1096,13:58:21,45.430052,12.357604,12,258,95
1097,13:58:21,45.430052,12.357604,17,270,95
1098,13:58:21,45.430052,12.357604,15,265,95
1099,13:58:21,45.430052,12.357604,20,271,95
1100,13:58:21,45.430052,12.357604,15,265,95
1101,13:58:26,45.430017,12.357503,18,268,93
1102,13:58:26,45.430017,12.357503,17,265,94
1103,13:58:26,45.430017,12.357503,15,229,93
1104,13:58:26,45.430017,12.357503,9,211,94
1105,13:58:26,45.430017,12.357503,12,235,93
1106,13:58:26,45.430017,12.357503,13,244,93
1107,13:58:26,45.430017,12.357503,15,247,93
1108,13:58:26,45.430017,12.357503,16,261,95
1109,13:58:26,45.430017,12.357503,14,237,94
1110,13:58:26,45.430017,12.357503,17,252,94
1111,13:58:37,45.429982,12.357403,16,266,95
1112,13:58:37,45.429982,12.357403,18,262,95
1113,13:58:37,45.429982,12.357403,13,242,95
1114,13:58:37,45.429982,12.357403,12,244,95
1115,13:58:37,45.429982,12.357403,13,234,96
1116,13:58:37,45.429982,12.357403,14,261,95
1117,13:58:37,45.429982,12.357403,13,265,94
1118,13:58:37,45.429982,12.357403,14,260,93
1119,13:58:37,45.429982,12.357403,14,243,92
1120,13:58:37,45.429982,12.357403,12,239,92
1121,13:58:37,45.429982,12.357403,14,251,93
1122,13:58:37,45.429982,12.357403,16,250,93
1123,13:58:37,45.429982,12.357403,12,239,93
1124,13:58:37,45.429982,12.357403,15,249,93
1125,13:58:37,45.429982,12.357403,14,225,94
1126,13:58:37,45.429982,12.357403,15,217,93
1127,13:58:37,45.429982,12.357403,13,204,93
1128,13:58:56,45.429947,12.357302,12,214,91
1129,13:58:56,45.429947,12.357302,13,251,92
1130,13:58:56,45.429947,12.357302,14,243,100
1131,13:58:56,45.429947,12.357302,14,276,97
1132,13:59:00,45.429915,12.3572,14,283,95
1133,13:59:00,45.429915,12.3572,13,245,94
1134,13:59:00,45.429915,12.3572,15,256,97
1135,13:59:00,45.429915,12.3572,15,258,94
1136,13:59:00,45.429915,12.3572,15,258,95
1137,13:59:00,45.429915,12.3572,14,255,95
1138,13:59:00,45.429915,12.3572,15,258,93
1139,13:59:07,45.429882,12.357097,12,260,92
1140,13:59:07,45.429882,12.357097,16,260,93
1141,13:59:07,45.429882,12.357097,12,253,94
1142,13:59:07,45.429882,12.357097,16,265,97
1143,13:59:12,45.429946,12.357046,15,235,100
1144,13:59:12,45.429946,12.357046,13,240,96
1145,13:59:12,45.429946,12.357046,16,265,92
1146,13:59:12,45.429946,12.357046,12,246,91
1147,13:59:12,45.429946,12.357046,14,273,92
1148,13:59:12,45.429946,12.357046,17,264,93
1149,13:59:19,45.430018,12.357001,14,243,94
1150,13:59:19,45.430018,12.357001,16,257,93
1151,13:59:19,45.430018,12.357001,15,254,92
1152,13:59:19,45.430018,12.357001,16,284,92
1153,13:59:19,45.430018,12.357001,18,269,92
1154,13:59:19,45.430018,12.357001,16,278,94
1155,13:59:19,45.430018,12.357001,11,230,94
1156,13:59:19,45.430018,12.357001,13,246,94
1157,13:59:19,45.430018,12.357001,11,231,93
1158,13:59:19,45.430018,12.357001,11,220,94
1159,13:59:19,45.430018,12.357001,15,241,96
1160,13:59:19,45.430018,12.357001,16,261,96
1161,13:59:19,45.430018,12.357001,15,270,94
1162,13:59:19,45.430018,12.357001,12,261,93
1163,13:59:19,45.430018,12.357001,15,268,93
1164,13:59:35,45.430091,12.356957,13,265,94
1165,13:59:35,45.430091,12.356957,18,269,94
1166,13:59:35,45.430091,12.356957,16,269,95
1167,13:59:35,45.430091,12.356957,13,259,96
1168,13:59:35,45.430091,12.356957,19,268,96
1169,13:59:35,45.430091,12.356957,15,262,94
1170,13:59:42,45.430164,12.356914,17,270,93
1171,13:59:42,45.430164,12.356914,15,239,93
1172,13:59:42,45.430164,12.356914,7,215,95
1173,13:59:42,45.430164,12.356914,14,255,96
1174,13:59:42,45.430164,12.356914,15,253,97
1175,13:59:47,45.43024,12.356886,13,259,96
1176,13:59:47,45.43024,12.356886,13,240,95
1177,13:59:47,45.43024,12.356886,14,269,95
1178,13:59:47,45.43024,12.356886,15,264,95
1179,13:59:47,45.43024,12.356886,14,270,95
1180,13:59:47,45.43024,12.356886,16,268,93
1181,13:59:54,45.430317,12.35687,13,273,94
1182,13:59:54,45.430317,12.35687,13,286,93
1183,13:59:54,45.430317,12.35687,16,297,93
1184,13:59:54,45.430317,12.35687,15,300,92
1185,13:59:54,45.430317,12.35687,14,273,93
1186,13:59:59,45.430394,12.35687,12,268,94
1187,13:59:59,45.430394,12.35687,16,240,96
1188,13:59:59,45.430394,12.35687,16,245,97
1189,13:59:59,45.430394,12.35687,16,244,95
1190,13:59:59,45.430394,12.35687,13,230,94
1191,13:59:59,45.430394,12.35687,5,209,94
1192,14:00:06,45.430473,12.35687,14,257,95
1193,14:00:06,45.430473,12.35687,14,242,94
1194,14:00:06,45.430473,12.35687,8,255,94
1195,14:00:06,45.430473,12.35687,16,262,95
1196,14:00:06,45.430473,12.35687,15,260,97
1197,14:00:06,45.430473,12.35687,10,232,98
1198,14:00:06,45.430473,12.35687,10,237,96
1199,14:00:06,45.430473,12.35687,7,239,94
1200,14:00:06,45.430473,12.35687,14,228,92
1201,14:00:06,45.430473,12.35687,10,210,93
1202,14:00:06,45.430473,12.35687,20,263,94
1203,14:00:18,45.43055,12.35687,10,236,94
1204,14:00:18,45.43055,12.35687,17,264,94
1205,14:00:18,45.43055,12.35687,13,229,95
1206,14:00:18,45.43055,12.35687,16,260,95
1207,14:00:18,45.43055,12.35687,13,260,95
1208,14:00:18,45.43055,12.35687,13,244,95
1209,14:00:18,45.43055,12.35687,18,257,94
1210,14:00:18,45.43055,12.35687,11,253,96
1211,14:00:18,45.43055,12.35687,15,241,96
1212,14:00:18,45.43055,12.35687,17,259,95
1213,14:00:18,45.43055,12.35687,15,237,93
1214,14:00:18,45.43055,12.35687,18,266,93
1215,14:00:18,45.43055,12.35687,13,260,93
1216,14:00:18,45.43055,12.35687,14,239,95
1217,14:00:18,45.43055,12.35687,19,261,94
1218,14:00:34,45.430628,12.356857,18,245,95
1219,14:00:34,45.430628,12.356857,21,279,96
1220,14:00:34,45.430628,12.356857,23,264,96
1221,14:00:34,45.430628,12.356857,15,255,96
1222,14:00:34,45.430628,12.356857,16,260,95
1223,14:00:34,45.430628,12.356857,16,253,96
1224,14:00:41,45.430705,12.356833,14,227,95
1225,14:00:41,45.430705,12.356833,9,205,95
1226,14:00:41,45.430705,12.356833,12,237,94
1227,14:00:41,45.430705,12.356833,14,233,93
1228,14:00:41,45.430705,12.356833,15,262,93
1229,14:00:41,45.430705,12.356833,15,250,95
1230,14:00:41,45.430705,12.356833,21,255,99
1231,14:00:41,45.430705,12.356833,14,210,101
1232,14:00:41,45.430705,12.356833,17,230,99
1233,14:00:41,45.430705,12.356833,17,252,95
1234,14:00:41,45.430705,12.356833,22,284,94
1235,14:00:53,45.430779,12.356796,11,232,95
1236,14:00:53,45.430779,12.356796,17,255,95
1237,14:00:53,45.430779,12.356796,18,263,97
1238,14:00:53,45.430779,12.356796,16,259,97
1239,14:00:53,45.430779,12.356796,13,227,97
1240,14:00:53,45.430779,12.356796,14,246,96
1241,14:00:53,45.430779,12.356796,22,260,95
1242,14:00:53,45.430779,12.356796,18,236,94
1243,14:00:53,45.430779,12.356796,23,260,94
1244,14:00:53,45.430779,12.356796,19,258,94
1245,14:00:53,45.430779,12.356796,13,251,95
1246,14:01:05,45.430854,12.356761,11,257,96
1247,14:01:05,45.430854,12.356761,18,256,96
1248,14:01:05,45.430854,12.356761,14,258,95
1249,14:01:05,45.430854,12.356761,18,260,93
1250,14:01:09,45.430929,12.356726,11,253,94
1251,14:01:09,45.430929,12.356726,18,262,94
1252,14:01:09,45.430929,12.356726,12,250,96
1253,14:01:09,45.430929,12.356726,10,249,94
1254,14:01:09,45.430929,12.356726,12,257,94
1255,14:01:09,45.430929,12.356726,10,224,93
1256,14:01:09,45.430929,12.356726,9,230,94
1257,14:01:09,45.430929,12.356726,11,228,93
1258,14:01:09,45.430929,12.356726,17,259,94
1259,14:01:09,45.430929,12.356726,7,213,96
1260,14:01:09,45.430929,12.356726,9,210,97
1261,14:01:21,45.431004,12.356691,11,225,96
1262,14:01:21,45.431004,12.356691,14,243,93
1263,14:01:21,45.431004,12.356691,10,220,93
1264,14:01:21,45.431004,12.356691,17,259,92
1265,14:01:21,45.431004,12.356691,14,258,93
1266,14:01:21,45.431004,12.356691,18,256,96
1267,14:01:21,45.431004,12.356691,15,239,98
1268,14:01:21,45.431004,12.356691,12,251,97
1269,14:01:21,45.431004,12.356691,16,252,94
1270,14:01:21,45.431004,12.356691,13,252,93
1271,14:01:21,45.431004,12.356691,12,234,93
1272,14:01:33,45.431078,12.356655,11,251,92
1273,14:01:33,45.431078,12.356655,15,256,91
1274,14:01:33,45.431078,12.356655,16,250,93
1275,14:01:33,45.431078,12.356655,17,247,94
1276,14:01:38,45.431113,12.356739,12,236,96
1277,14:01:38,45.431113,12.356739,18,259,95
1278,14:01:40,45.431143,12.35684,13,221,95
1279,14:01:40,45.431143,12.35684,9,205,93
1280,14:01:40,45.431143,12.35684,9,218,94
1281,14:01:40,45.431143,12.35684,16,263,95
1282,14:01:40,45.431143,12.35684,12,261,95
1283,14:01:45,45.431222,12.356835,12,248,94
1284,14:01:45,45.431222,12.356835,18,261,94
1285,14:01:45,45.431222,12.356835,11,216,94
1286,14:01:45,45.431222,12.356835,18,261,94
1287,14:01:45,45.431222,12.356835,12,248,93
1288,14:01:45,45.431222,12.356835,19,262,94
1289,14:01:52,45.4313,12.356831,18,260,97
1290,14:01:52,45.4313,12.356831,19,257,98
1291,14:01:52,45.4313,12.356831,10,240,96
1292,14:01:52,45.4313,12.356831,18,258,96
1293,14:01:52,45.4313,12.356831,8,204,95
1294,14:01:52,45.4313,12.356831,17,257,96
1295,14:01:52,45.4313,12.356831,17,259,95
1296,14:01:52,45.4313,12.356831,6,200,94
1297,14:01:52,45.4313,12.356831,11,223,94
1298,14:01:52,45.4313,12.356831,15,258,93
1299,23:30:00,45.431379,12.356827,7,251,93
1300,14:02:04,45.431458,12.356822,16,255,94
1301,14:02:04,45.431458,12.356822,11,251,93
1302,14:02:04,45.431458,12.356822,8,247,94
1303,14:02:04,45.431458,12.356822,6,212,93
1304,14:02:04,45.431458,12.356822,10,245,93
1305,14:02:04,45.431458,12.356822,11,252,94
1306,14:02:04,45.431458,12.356822,13,255,95
1307,14:02:04,45.431458,12.356822,10,250,96
1308,14:02:04,45.431458,12.356822,11,254,96
1309,14:02:04,45.431458,12.356822,9,238,95
1310,14:02:04,45.431458,12.356822,14,272,94
1311,14:02:16,45.431537,12.356816,16,278,95
1312,14:02:16,45.431537,12.356816,18,274,95
1313,14:02:16,45.431537,12.356816,14,255,97
1314,14:02:16,45.431537,12.356816,11,225,97
1315,14:02:20,45.431615,12.356808,10,248,97
1316,14:02:20,45.431615,12.356808,13,237,94
1317,14:02:20,45.431615,12.356808,14,247,93
1318,14:02:20,45.431615,12.356808,12,246,93
1319,14:02:20,45.431615,12.356808,12,238,94
1320,14:02:20,45.431615,12.356808,7,201,94
1321,14:02:27,45.431694,12.356801,13,228,93
1322,14:02:27,45.431694,12.356801,7,221,93
1323,14:02:27,45.431694,12.356801,7,215,92
1324,14:02:27,45.431694,12.356801,15,250,94
1325,14:02:27,45.431694,12.356801,15,246,95
1326,14:02:33,45.431772,12.3568,15,244,96
1327,14:02:33,45.431772,12.3568,11,222,96
1328,14:02:33,45.431772,12.3568,14,224,95
1329,14:02:33,45.431772,12.3568,12,200,96
1330,14:02:33,45.431772,12.3568,9,200,96
1331,14:02:33,45.431772,12.3568,14,233,95
1332,14:02:39,45.431851,12.356798,6,214,94
1333,14:02:39,45.431851,12.356798,9,237,93
1334,14:02:39,45.431851,12.356798,14,229,92
1335,14:02:39,45.431851,12.356798,14,216,91
1336,14:02:43,45.43193,12.356793,13,229,91
1337,14:02:43,45.43193,12.356793,13,239,92
1338,14:02:43,45.43193,12.356793,20,242,93
1339,14:02:43,45.43193,12.356793,20,243,94
1340,14:02:43,45.43193,12.356793,13,239,94
1341,14:02:43,45.43193,12.356793,18,224,93
1342,14:02:50,45.432009,12.356789,15,229,92
1343,14:02:50,45.432009,12.356789,20,269,92
1344,14:02:50,45.432009,12.356789,15,240,93
1345,14:02:50,45.432009,12.356789,10,216,96
1346,14:02:54,45.432087,12.356784,20,242,98
1347,14:02:55,45.432166,12.356778,13,220,98
1348,14:02:55,45.432166,12.356778,18,244,96
1349,14:02:55,45.432166,12.356778,11,247,96
1350,14:02:55,45.432166,12.356778,19,245,95
1351,14:02:55,45.432166,12.356778,18,248,94
1352,14:02:55,45.432166,12.356778,16,247,93
1353,14:03:02,45.432245,12.356769,12,217,93
1354,14:03:02,45.432245,12.356769,16,219,94
1355,14:03:02,45.432245,12.356769,19,246,94
1356,14:03:02,45.432245,12.356769,14,229,94
1357,14:03:07,45.432323,12.356759,23,247,94
1358,14:03:07,45.432323,12.356759,20,237,95
1359,14:03:07,45.432323,12.356759,18,226,95
1360,14:03:07,45.432323,12.356759,24,252,94
1361,14:03:07,45.432323,12.356759,20,258,94
1362,14:03:07,45.432323,12.356759,14,219,94
1363,14:03:07,45.432323,12.356759,15,226,95
1364,14:03:14,45.432402,12.35675,15,226,95
1365,14:03:14,45.432402,12.35675,14,223,95
1366,14:03:14,45.432402,12.35675,19,249,95
1367,14:03:14,45.432402,12.35675,22,255,95
1368,14:03:14,45.432402,12.35675,15,244,94
1369,14:03:14,45.432402,12.35675,16,253,94
1370,14:03:14,45.432402,12.35675,16,250,96
1371,14:03:14,45.432402,12.35675,20,242,97
1372,14:03:14,45.432402,12.35675,16,246,96
1373,14:03:14,45.432402,12.35675,21,250,94
1374,14:03:14,45.432402,12.35675,12,214,92
1375,14:03:26,45.43248,12.35674,19,231,92
